asset	estimated_return
AAPL	0.01544201918310387
SPY	0.019666495733835953
TSLA	0.025312903732127173
SBUX	0.004857291939925974
MSFT	0.02331793524395225
NVDA	0.06863616571881956
