asset	estimated_return
AAPL	0.01544201527763827
SPY	0.019666499418193362
TSLA	0.025312903732127173
SBUX	0.004857291971860789
MSFT	0.023317934343134315
NVDA	0.06863616812163906
