	AAPL	SPY	TSLA	SBUX	MSFT	NVDA
AAPL	0.0036267317799049065	0.0008322145171277886	0.0032544984142954436	0.0004918174260615564	0.0003890744214848897	0.0009618036422412869
SPY	0.0008322145171277886	0.0012923200448881247	0.002420864480471186	0.0014671386741129853	0.0014877610742590052	0.002839564425726667
TSLA	0.0032544984142954436	0.002420864480471186	0.026703445384803893	-2.104614209164743e-05	0.0022169668465545447	-0.0003834207906205802
SBUX	0.0004918174260615564	0.0014671386741129853	-2.104614209164743e-05	0.008773383380825018	0.0005610959691825386	0.0004838395072354367
MSFT	0.0003890744214848897	0.0014877610742590052	0.0022169668465545447	0.0005610959691825386	0.004044449673770941	0.004913888540802045
NVDA	0.0009618036422412869	0.002839564425726667	-0.0003834207906205802	0.0004838395072354367	0.004913888540802045	0.014522579923727618
