asset	allocation
AAPL	0.339699839161483
SPY	0.36634154140964914
TSLA	1.785062341388172e-17
SBUX	0.06290436209894625
MSFT	0.23105425732992158
NVDA	6.107303423679671e-18
