asset	allocation
AAPL	0.1413698500941969
SPY	0.8586301499058022
TSLA	1.349139635673222e-17
SBUX	6.442502896078221e-16
MSFT	3.3003994148523245e-16
NVDA	0.0
